0,1,2,3,4,5,6,7,8,9,Associated
0.2201,0.2057,0.1047,0.0238,0.0048,0.0,0.0,0.0,0.0,0.0,NO
0.2626,0.1109,0.1091,0.1047,0.0353,0.0321,0.0271,0.0118,0.0058,0.0,NO
0.0992,0.0644,0.0606,0.0352,0.0337,0.0228,0.0,0.0,0.0,0.0,NO
0.191,0.1316,0.0126,0.0,0.0,0.0,0.0,0.0,0.0,0.0,NO
0.2874,0.191,0.1316,0.1121,0.0193,0.0,0.0,0.0,0.0,0.0,NO
0.6773,0.0992,0.0969,0.0415,0.0332,0.0248,0.0079,0.0046,0.0,0.0,NO
0.4224,0.2626,0.2201,0.0491,0.0374,0.0293,0.0218,0.0134,0.0,0.0,NO
0.2201,0.1135,0.1047,0.0268,0.0133,0.0108,0.0018,0.0,0.0,0.0,NO
0.444,0.0992,0.0781,0.0299,0.0194,0.0177,0.0046,0.0014,0.0,0.0,NO
1.0,1.0,0.3327,0.2691,0.0397,0.0123,0.0007,0.0,0.0,0.0,YES
0.7077,0.0992,0.0337,0.0,0.0,0.0,0.0,0.0,0.0,0.0,NO
1.0,1.0,0.1734,0.1714,0.0317,0.0162,0.013,0.0111,0.0068,0.0,YES
0.0808,0.0411,0.0239,0.0076,0.0063,0.0,0.0,0.0,0.0,0.0,NO
0.2085,0.0409,0.0195,0.0195,0.0106,0.0,0.0,0.0,0.0,0.0,NO
0.0448,0.0424,0.0287,0.0011,0.0,0.0,0.0,0.0,0.0,0.0,NO
0.2626,0.2201,0.1047,0.1035,0.0439,0.0158,0.0129,0.0,0.0,0.0,NO
0.5133,0.2942,0.1867,0.1316,0.0516,0.0,0.0,0.0,0.0,0.0,NO
0.2201,0.1308,0.1047,0.0666,0.044,0.0077,0.0068,0.0,0.0,0.0,NO
0.4343,0.1468,0.0991,0.0703,0.0533,0.0224,0.0,0.0,0.0,0.0,NO
0.2626,0.2508,0.2201,0.1047,0.0975,0.0277,0.0131,0.0,0.0,0.0,NO
0.3295,0.191,0.1502,0.1316,0.0916,0.0386,0.012,0.0022,0.0,0.0,NO
1.0,1.0,0.3327,0.2599,0.0443,0.0267,0.0075,0.0066,0.0053,0.0,YES
1.0,0.5882,0.3327,0.3186,0.0601,0.0263,0.0235,0.0,0.0,0.0,YES
1.0,0.3643,0.3327,0.3186,0.0567,0.0361,0.0156,0.0,0.0,0.0,YES
1.0,1.0,0.3327,0.1544,0.0203,0.0106,0.003,0.0,0.0,0.0,YES
0.5187,0.0992,0.0397,0.0244,0.0229,0.0176,0.0167,0.0,0.0,0.0,NO
1.0,1.0,0.3327,0.3186,0.0638,0.0291,0.0229,0.0194,0.003,0.0,YES
0.0992,0.082,0.0253,0.0205,0.0155,0.0,0.0,0.0,0.0,0.0,NO
1.0,0.405,0.0907,0.0847,0.0476,0.0,0.0,0.0,0.0,0.0,YES
1.0,1.0,0.0335,0.0257,0.0165,0.0034,0.0,0.0,0.0,0.0,YES
0.2452,0.2396,0.0716,0.0318,0.0,0.0,0.0,0.0,0.0,0.0,NO
0.2664,0.1702,0.0261,0.0,0.0,0.0,0.0,0.0,0.0,0.0,NO
0.2664,0.1011,0.0665,0.0,0.0,0.0,0.0,0.0,0.0,0.0,NO
0.3765,0.1871,0.1567,0.0759,0.0463,0.0297,0.0176,0.0,0.0,0.0,NO
1.0,0.405,0.2796,0.0978,0.0903,0.0685,0.0,0.0,0.0,0.0,YES
1.0,0.405,0.041,0.0281,0.0263,0.0253,0.0,0.0,0.0,0.0,YES
0.4007,0.22,0.1027,0.0417,0.0175,0.0131,0.0,0.0,0.0,0.0,NO
0.3066,0.2314,0.0045,0.0,0.0,0.0,0.0,0.0,0.0,0.0,NO
0.3,0.1638,0.146,0.0136,0.0,0.0,0.0,0.0,0.0,0.0,NO
0.3066,0.2314,0.0694,0.0646,0.0442,0.0422,0.024,0.0,0.0,0.0,NO
0.4183,0.0951,0.0333,0.0248,0.0,0.0,0.0,0.0,0.0,0.0,NO
0.4183,0.1558,0.1013,0.0934,0.0639,0.0359,0.0,0.0,0.0,0.0,NO
0.4183,0.0625,0.0364,0.0,0.0,0.0,0.0,0.0,0.0,0.0,NO
1.0,1.0,0.405,0.0558,0.0257,0.022,0.0108,0.0102,0.0,0.0,YES
0.2604,0.1702,0.13,0.1188,0.1164,0.1099,0.0902,0.0,0.0,0.0,NO
1.0,0.405,0.2536,0.0469,0.0401,0.0311,0.0102,0.0085,0.0,0.0,YES
0.2047,0.1702,0.1005,0.0419,0.0215,0.0,0.0,0.0,0.0,0.0,NO
1.0,1.0,0.405,0.1505,0.0769,0.0386,0.0349,0.0226,0.0084,0.0,YES
0.2664,0.1702,0.0763,0.0555,0.0215,0.0,0.0,0.0,0.0,0.0,NO
0.3066,0.2314,0.1688,0.086,0.0508,0.0503,0.0139,0.0,0.0,0.0,NO
0.3066,0.1361,0.1001,0.0,0.0,0.0,0.0,0.0,0.0,0.0,NO
0.2314,0.1927,0.1117,0.0792,0.0595,0.0,0.0,0.0,0.0,0.0,NO
0.3066,0.2314,0.0913,0.0773,0.0735,0.0521,0.0055,0.0,0.0,0.0,NO
0.4007,0.1517,0.12,0.0638,0.0324,0.0,0.0,0.0,0.0,0.0,NO
0.3066,0.2314,0.2181,0.0406,0.0285,0.0,0.0,0.0,0.0,0.0,NO
0.2751,0.22,0.133,0.0352,0.012,0.0,0.0,0.0,0.0,0.0,NO
0.1009,0.0326,0.0229,0.0196,0.0,0.0,0.0,0.0,0.0,0.0,NO
0.216,0.1062,0.0802,0.0633,0.0544,0.0214,0.0118,0.0,0.0,0.0,NO
0.1827,0.1059,0.0993,0.0991,0.0978,0.0529,0.0454,0.0227,0.0,0.0,NO
0.3076,0.1904,0.1639,0.0165,0.0051,0.0,0.0,0.0,0.0,0.0,NO
0.3369,0.3076,0.1904,0.141,0.0877,0.0305,0.0288,0.0,0.0,0.0,NO
0.3322,0.1557,0.1246,0.1186,0.1041,0.0964,0.0712,0.0331,0.0038,0.0,NO
0.216,0.2072,0.0572,0.051,0.0489,0.0,0.0,0.0,0.0,0.0,NO
0.0804,0.0556,0.0187,0.0178,0.0098,0.0089,0.0005,0.0,0.0,0.0,NO
0.2357,0.2177,0.1657,0.1539,0.1446,0.1395,0.071,0.0413,0.0298,0.0038,NO
1.0,0.8116,0.7349,0.4904,0.0929,0.0019,0.0008,0.0,0.0,0.0,YES
0.3471,0.1539,0.1446,0.1241,0.0926,0.0,0.0,0.0,0.0,0.0,NO
0.7349,0.5213,0.517,0.4904,0.0316,0.0267,0.0091,0.0,0.0,0.0,YES
0.161,0.1236,0.0603,0.0597,0.0594,0.0238,0.023,0.0,0.0,0.0,NO
0.161,0.1532,0.0592,0.0456,0.0355,0.0336,0.0307,0.017,0.0,0.0,NO
0.161,0.1275,0.0447,0.015,0.0047,0.0,0.0,0.0,0.0,0.0,NO
0.3123,0.216,0.0231,0.0215,0.0188,0.0163,0.0158,0.0061,0.0,0.0,NO
0.3076,0.2517,0.2162,0.1861,0.1639,0.0738,0.0501,0.0455,0.0,0.0,NO
0.0961,0.0548,0.0216,0.0194,0.0172,0.012,0.0062,0.0047,0.0,0.0,NO
0.2316,0.213,0.1639,0.1463,0.0947,0.0516,0.0161,0.0,0.0,0.0,NO
0.216,0.1843,0.058,0.0478,0.0276,0.0222,0.0186,0.0,0.0,0.0,NO
0.4531,0.3076,0.2752,0.1904,0.1639,0.1616,0.0487,0.0397,0.0352,0.0,NO
1.0,0.7839,0.7349,0.4904,0.0396,0.0365,0.0361,0.0356,0.0322,0.0,YES
1.0,0.9611,0.7349,0.2885,0.1406,0.0261,0.0216,0.0214,0.0,0.0,YES
1.0,0.9611,0.4904,0.2677,0.0904,0.0844,0.0797,0.0502,0.0128,0.0,YES
1.0,0.7349,0.4904,0.4658,0.0575,0.0514,0.0466,0.0404,0.0377,0.02,YES
0.2544,0.1657,0.1539,0.1192,0.0962,0.0951,0.0599,0.0536,0.0138,0.0,NO
1.0,0.9611,0.7349,0.4904,0.0902,0.0741,0.0453,0.029,0.0,0.0,YES
0.2473,0.1539,0.1446,0.1395,0.1059,0.055,0.0361,0.0252,0.0,0.0,NO
1.0,1.0,0.0907,0.0737,0.0,0.0,0.0,0.0,0.0,0.0,YES
1.0,1.0,0.1489,0.0724,0.0656,0.0231,0.0,0.0,0.0,0.0,YES
0.6805,0.4605,0.3149,0.2452,0.1651,0.0444,0.0,0.0,0.0,0.0,NO
0.5062,0.3722,0.3514,0.0585,0.0084,0.0,0.0,0.0,0.0,0.0,NO
0.5217,0.3722,0.3514,0.1646,0.0927,0.0898,0.0508,0.0,0.0,0.0,NO
0.466,0.4605,0.3104,0.1731,0.0759,0.0647,0.0582,0.0176,0.0,0.0,NO
1.0,1.0,0.3193,0.2796,0.2038,0.1737,0.0956,0.0583,0.0,0.0,YES
1.0,1.0,0.0617,0.041,0.0311,0.0,0.0,0.0,0.0,0.0,YES
0.6805,0.4653,0.4605,0.256,0.0583,0.0472,0.0175,0.0131,0.0,0.0,NO
0.601,0.1391,0.1182,0.1061,0.0572,0.0027,0.0,0.0,0.0,0.0,NO
0.6805,0.4653,0.4605,0.256,0.0,0.0,0.0,0.0,0.0,0.0,NO
0.601,0.1656,0.075,0.0646,0.0618,0.0593,0.0422,0.0,0.0,0.0,NO
0.7021,0.1375,0.0993,0.0486,0.0465,0.0,0.0,0.0,0.0,0.0,NO
0.7021,0.1558,0.1253,0.121,0.1142,0.1013,0.0887,0.0521,0.0284,0.0,NO
0.7021,0.1333,0.0874,0.0,0.0,0.0,0.0,0.0,0.0,0.0,NO
1.0,1.0,1.0,0.0631,0.0597,0.0308,0.0102,0.0,0.0,0.0,YES
0.5115,0.3638,0.3514,0.2397,0.1769,0.0,0.0,0.0,0.0,0.0,NO
1.0,1.0,0.2536,0.0786,0.0674,0.0318,0.0152,0.0103,0.0,0.0,YES
0.5005,0.286,0.2646,0.2472,0.1814,0.1575,0.0422,0.0,0.0,0.0,NO
1.0,1.0,1.0,0.3394,0.1507,0.0539,0.0309,0.0,0.0,0.0,YES
0.3722,0.3514,0.3377,0.1791,0.1277,0.081,0.0215,0.0,0.0,0.0,NO
0.601,0.1688,0.1241,0.1163,0.0658,0.0503,0.0342,0.0,0.0,0.0,NO
0.601,0.2533,0.1923,0.1606,0.1089,0.1001,0.069,0.0,0.0,0.0,NO
0.2633,0.2189,0.1503,0.0964,0.0595,0.0,0.0,0.0,0.0,0.0,NO
0.601,0.1653,0.0957,0.0773,0.0135,0.0,0.0,0.0,0.0,0.0,NO
0.6805,0.4605,0.3061,0.256,0.0799,0.0638,0.0613,0.0,0.0,0.0,NO
0.601,0.3143,0.2963,0.0567,0.0518,0.0285,0.0,0.0,0.0,0.0,NO
0.4653,0.4605,0.4519,0.3987,0.256,0.0492,0.0413,0.0,0.0,0.0,NO
0.0369,0.0,0.0,0.0,0.0,0.0,0.0,0.0,0.0,0.0,NO
0.2059,0.1015,0.0619,0.0369,0.0201,0.0,0.0,0.0,0.0,0.0,NO
1.0,0.1192,0.0834,0.0,0.0,0.0,0.0,0.0,0.0,0.0,YES
1.0,1.0,1.0,0.7786,0.7438,0.0304,0.0,0.0,0.0,0.0,YES
1.0,1.0,0.7667,0.594,0.4168,0.0889,0.0,0.0,0.0,0.0,YES
0.6847,0.2182,0.1737,0.0028,0.0,0.0,0.0,0.0,0.0,0.0,YES
0.2995,0.257,0.1724,0.1658,0.1052,0.0103,0.0,0.0,0.0,0.0,NO
0.0369,0.0328,0.0025,0.0,0.0,0.0,0.0,0.0,0.0,0.0,NO
1.0,0.3372,0.2565,0.1566,0.1342,0.0005,0.0,0.0,0.0,0.0,YES
0.3019,0.2044,0.0638,0.0,0.0,0.0,0.0,0.0,0.0,0.0,NO
1.0,0.1702,0.0802,0.0,0.0,0.0,0.0,0.0,0.0,0.0,YES
0.166,0.0894,0.0024,0.0,0.0,0.0,0.0,0.0,0.0,0.0,NO
0.379,0.2021,0.125,0.1108,0.0,0.0,0.0,0.0,0.0,0.0,NO
0.379,0.1778,0.1481,0.1458,0.1089,0.0037,0.0,0.0,0.0,0.0,NO
0.379,0.2347,0.0225,0.0,0.0,0.0,0.0,0.0,0.0,0.0,NO
0.0927,0.0892,0.0827,0.0632,0.0369,0.03,0.0,0.0,0.0,0.0,NO
1.0,1.0,0.9773,0.7786,0.7517,0.1358,0.0,0.0,0.0,0.0,YES
0.0819,0.0502,0.0369,0.0364,0.0,0.0,0.0,0.0,0.0,0.0,NO
1.0,0.7786,0.7685,0.7529,0.7355,0.0979,0.0,0.0,0.0,0.0,YES
0.4988,0.1449,0.0494,0.0407,0.0369,0.0,0.0,0.0,0.0,0.0,NO
1.0,1.0,1.0,0.7786,0.4963,0.0647,0.0008,0.0,0.0,0.0,YES
0.0592,0.0019,0.0,0.0,0.0,0.0,0.0,0.0,0.0,0.0,NO
0.457,0.3721,0.1238,0.1038,0.0,0.0,0.0,0.0,0.0,0.0,NO
0.2743,0.0924,0.0,0.0,0.0,0.0,0.0,0.0,0.0,0.0,NO
0.1918,0.0857,0.0,0.0,0.0,0.0,0.0,0.0,0.0,0.0,NO
1.0,0.2844,0.1768,0.1743,0.0,0.0,0.0,0.0,0.0,0.0,YES
0.4619,0.3518,0.1524,0.1473,0.0011,0.0,0.0,0.0,0.0,0.0,NO
0.5859,0.2565,0.2439,0.1323,0.1174,0.0704,0.0,0.0,0.0,0.0,YES
0.2057,0.0323,0.0181,0.0061,0.0,0.0,0.0,0.0,0.0,0.0,NO
0.1996,0.1109,0.1062,0.1053,0.0073,0.0016,0.0,0.0,0.0,0.0,NO
0.2137,0.1901,0.138,0.1059,0.0489,0.0429,0.0425,0.0,0.0,0.0,NO
0.0804,0.0155,0.0,0.0,0.0,0.0,0.0,0.0,0.0,0.0,NO
0.3369,0.2874,0.0592,0.0477,0.0406,0.0,0.0,0.0,0.0,0.0,NO
0.6773,0.3357,0.136,0.1246,0.1111,0.0935,0.0316,0.0035,0.0,0.0,NO
0.4224,0.1996,0.1148,0.0536,0.0171,0.0,0.0,0.0,0.0,0.0,NO
0.1135,0.0804,0.0167,0.0082,0.0022,0.0,0.0,0.0,0.0,0.0,NO
0.444,0.3573,0.2452,0.2039,0.1306,0.0247,0.0035,0.0,0.0,0.0,NO
1.0,1.0,0.9651,0.8445,0.0425,0.004,0.0012,0.0008,0.0,0.0,YES
0.7077,0.2675,0.2039,0.0867,0.0429,0.0064,0.0,0.0,0.0,0.0,NO
1.0,0.9651,0.538,0.5213,0.0595,0.0084,0.0,0.0,0.0,0.0,YES
0.2525,0.1236,0.078,0.0565,0.024,0.0081,0.0,0.0,0.0,0.0,NO
0.2525,0.2012,0.0555,0.05,0.0311,0.0,0.0,0.0,0.0,0.0,NO
0.2525,0.1275,0.0324,0.0014,0.0,0.0,0.0,0.0,0.0,0.0,NO
0.3249,0.1996,0.0498,0.0439,0.0153,0.0051,0.0,0.0,0.0,0.0,NO
0.5133,0.284,0.098,0.0804,0.0691,0.0,0.0,0.0,0.0,0.0,NO
0.1263,0.0506,0.044,0.0418,0.0242,0.0098,0.0067,0.004,0.0,0.0,NO
0.4343,0.0804,0.0678,0.0652,0.0285,0.0,0.0,0.0,0.0,0.0,NO
0.2421,0.1996,0.0975,0.0207,0.0167,0.004,0.0,0.0,0.0,0.0,NO
0.4715,0.3295,0.2752,0.0804,0.056,0.033,0.0153,0.0,0.0,0.0,NO
1.0,1.0,0.9651,0.8156,0.0767,0.051,0.0337,0.0301,0.0084,0.0,YES
1.0,1.0,0.9651,0.5882,0.0691,0.0302,0.02,0.0,0.0,0.0,YES
1.0,1.0,1.0,0.3516,0.1719,0.0471,0.0119,0.0,0.0,0.0,YES
1.0,1.0,0.9651,0.4847,0.0814,0.0724,0.0437,0.0154,0.0135,0.0,YES
0.5187,0.3573,0.1342,0.1192,0.0901,0.0311,0.0127,0.0,0.0,0.0,NO
1.0,1.0,1.0,0.9651,0.1944,0.0291,0.0,0.0,0.0,0.0,YES
0.2574,0.2039,0.1625,0.1306,0.1186,0.0261,0.0057,0.0,0.0,0.0,NO
0.0429,0.0097,0.0,0.0,0.0,0.0,0.0,0.0,0.0,0.0,NO
0.2059,0.1065,0.0773,0.0716,0.0641,0.0529,0.0231,0.0201,0.0,0.0,NO
0.8266,0.2391,0.1324,0.1018,0.0617,0.0261,0.0,0.0,0.0,0.0,YES
1.0,1.0,0.8544,0.6149,0.5492,0.0304,0.0,0.0,0.0,0.0,YES
1.0,0.8544,0.6338,0.594,0.294,0.1032,0.0599,0.0466,0.0,0.0,YES
0.566,0.2391,0.1484,0.1412,0.097,0.0569,0.0019,0.0,0.0,0.0,YES
0.2476,0.2196,0.2003,0.1658,0.1065,0.0902,0.0881,0.0,0.0,0.0,NO
0.032,0.0237,0.0044,0.0018,0.0,0.0,0.0,0.0,0.0,0.0,NO
0.8266,0.2391,0.2378,0.1709,0.1342,0.1338,0.1032,0.0926,0.0019,0.0,YES
0.5884,0.5875,0.3019,0.2085,0.169,0.0742,0.0297,0.0012,0.0,0.0,NO
0.8266,0.2391,0.1475,0.0802,0.0773,0.0,0.0,0.0,0.0,0.0,YES
0.5875,0.3749,0.2085,0.1418,0.1038,0.039,0.0045,0.0,0.0,0.0,NO
0.4403,0.167,0.1068,0.0475,0.0167,0.0,0.0,0.0,0.0,0.0,NO
0.4403,0.1481,0.147,0.1225,0.1029,0.0166,0.0,0.0,0.0,0.0,NO
0.4403,0.2006,0.0692,0.0159,0.0094,0.0,0.0,0.0,0.0,0.0,NO
0.2264,0.1065,0.0766,0.0707,0.0632,0.0629,0.031,0.0144,0.0092,0.0,NO
1.0,1.0,0.8351,0.6213,0.5492,0.1729,0.1244,0.107,0.0283,0.0,YES
0.0769,0.0578,0.0502,0.0423,0.027,0.0165,0.0121,0.0092,0.0,0.0,NO
1.0,0.7529,0.6566,0.608,0.5492,0.1284,0.1138,0.0905,0.0413,0.0,YES
0.4123,0.1473,0.1238,0.1065,0.0494,0.0203,0.0,0.0,0.0,0.0,NO
1.0,1.0,0.8544,0.5492,0.4103,0.3285,0.093,0.0687,0.0,0.0,YES
0.5875,0.5683,0.2085,0.0644,0.0222,0.018,0.0,0.0,0.0,0.0,NO
0.6968,0.5875,0.457,0.3076,0.1226,0.1206,0.0873,0.0566,0.0107,0.0,NO
0.6968,0.2743,0.214,0.2085,0.1368,0.0497,0.0063,0.0,0.0,0.0,NO
0.5875,0.3377,0.2085,0.1353,0.0235,0.0082,0.0,0.0,0.0,0.0,NO
0.8266,0.2391,0.2006,0.1743,0.1081,0.1032,0.0068,0.0,0.0,0.0,YES
0.6968,0.5875,0.3818,0.2481,0.2085,0.1539,0.1473,0.1302,0.0562,0.0,NO
0.4843,0.2834,0.2391,0.1793,0.1174,0.1131,0.0704,0.0343,0.0,0.0,YES
0.106,0.0789,0.0168,0.0,0.0,0.0,0.0,0.0,0.0,0.0,NO
0.1856,0.1091,0.1062,0.0881,0.0572,0.0268,0.0009,0.0,0.0,0.0,NO
0.4328,0.2724,0.2535,0.1901,0.1059,0.0566,0.0455,0.0,0.0,0.0,NO
0.3219,0.1301,0.0443,0.0346,0.0206,0.0,0.0,0.0,0.0,0.0,NO
0.3369,0.3318,0.1482,0.1301,0.0531,0.0263,0.0,0.0,0.0,0.0,NO
0.3984,0.3491,0.2963,0.2724,0.148,0.1246,0.0969,0.0033,0.0,0.0,NO
0.2177,0.1856,0.1296,0.1027,0.0714,0.0216,0.0,0.0,0.0,0.0,NO
0.0804,0.0585,0.0365,0.0236,0.0223,0.0076,0.0,0.0,0.0,0.0,NO
0.4328,0.4239,0.2724,0.2452,0.2289,0.174,0.0175,0.0032,0.0,0.0,NO
1.0,1.0,0.8445,0.5155,0.0885,0.0393,0.0338,0.0048,0.0,0.0,YES
0.4328,0.3648,0.3174,0.2724,0.1155,0.0035,0.0,0.0,0.0,0.0,NO
1.0,0.538,0.5213,0.5155,0.0647,0.0444,0.0078,0.0,0.0,0.0,YES
0.3899,0.1236,0.0874,0.0808,0.0752,0.024,0.0,0.0,0.0,0.0,NO
0.3899,0.2085,0.077,0.0739,0.0289,0.0193,0.0,0.0,0.0,0.0,NO
0.3899,0.1275,0.0788,0.0385,0.0,0.0,0.0,0.0,0.0,0.0,NO
0.3249,0.1856,0.059,0.0401,0.0353,0.0226,0.0204,0.0028,0.0,0.0,NO
0.3253,0.2942,0.2646,0.1418,0.1301,0.1212,0.1163,0.0921,0.0443,0.0,NO
0.1308,0.0496,0.0471,0.029,0.0227,0.0188,0.0022,0.0,0.0,0.0,NO
0.3183,0.2239,0.1463,0.0979,0.0703,0.0443,0.0391,0.0,0.0,0.0,NO
0.2508,0.2159,0.1856,0.1403,0.0503,0.0276,0.0022,0.0,0.0,0.0,NO
0.4715,0.2752,0.2148,0.1699,0.1301,0.1059,0.0443,0.0439,0.0,0.0,NO
1.0,1.0,0.8156,0.5155,0.091,0.0734,0.0402,0.0313,0.0,0.0,YES
1.0,1.0,1.0,0.3032,0.161,0.0644,0.0594,0.0186,0.0,0.0,YES
1.0,1.0,0.5155,0.3643,0.2039,0.1558,0.0627,0.0357,0.011,0.0,YES
1.0,1.0,0.5155,0.4847,0.0966,0.0581,0.0485,0.0143,0.0,0.0,YES
0.4328,0.4239,0.2724,0.2674,0.12,0.1192,0.0227,0.0118,0.0,0.0,NO
1.0,1.0,1.0,0.5155,0.2307,0.1999,0.1753,0.0192,0.0,0.0,YES
0.2724,0.2574,0.2564,0.2535,0.174,0.1407,0.0153,0.0031,0.0,0.0,NO
0.2057,0.0932,0.0885,0.0166,0.0,0.0,0.0,0.0,0.0,0.0,NO
0.1825,0.1109,0.1091,0.0932,0.0836,0.002,0.0,0.0,0.0,0.0,NO
0.2605,0.1901,0.0834,0.0448,0.0,0.0,0.0,0.0,0.0,0.0,NO
0.0992,0.0133,0.0,0.0,0.0,0.0,0.0,0.0,0.0,0.0,NO
0.2874,0.2653,0.0801,0.0589,0.0218,0.0,0.0,0.0,0.0,0.0,NO
0.6773,0.2732,0.0981,0.0969,0.0071,0.0032,0.0,0.0,0.0,0.0,NO
0.4224,0.1825,0.0885,0.0424,0.026,0.0,0.0,0.0,0.0,0.0,NO
0.1135,0.0932,0.0885,0.0634,0.0491,0.0075,0.0,0.0,0.0,0.0,NO
0.444,0.4039,0.2452,0.0032,0.0012,0.0,0.0,0.0,0.0,0.0,NO
1.0,1.0,0.8445,0.7875,0.0157,0.0,0.0,0.0,0.0,0.0,YES
0.7077,0.4039,0.008,0.0,0.0,0.0,0.0,0.0,0.0,0.0,NO
1.0,1.0,0.538,0.4105,0.022,0.0077,0.006,0.0052,0.0,0.0,YES
0.1567,0.0974,0.0932,0.0808,0.024,0.0,0.0,0.0,0.0,0.0,NO
0.2085,0.0932,0.0447,0.0284,0.0094,0.0078,0.0,0.0,0.0,0.0,NO
0.1004,0.0932,0.0,0.0,0.0,0.0,0.0,0.0,0.0,0.0,NO
0.3249,0.1825,0.0932,0.0885,0.0439,0.016,0.0063,0.0,0.0,0.0,NO
0.5133,0.2942,0.0992,0.0,0.0,0.0,0.0,0.0,0.0,0.0,NO
0.1308,0.0932,0.0885,0.0463,0.044,0.0162,0.0089,0.005,0.0,0.0,NO
0.4343,0.2485,0.0992,0.0703,0.0241,0.0,0.0,0.0,0.0,0.0,NO
0.2508,0.1825,0.0975,0.0932,0.0885,0.0487,0.0049,0.0,0.0,0.0,NO
0.4715,0.3295,0.2167,0.1278,0.0992,0.002,0.0,0.0,0.0,0.0,NO
1.0,1.0,0.8156,0.7875,0.1038,0.0308,0.0047,0.003,0.0,0.0,YES
1.0,1.0,0.7875,0.5882,0.0255,0.0183,0.0,0.0,0.0,0.0,YES
1.0,1.0,0.7875,0.3643,0.2372,0.0109,0.0,0.0,0.0,0.0,YES
1.0,1.0,0.7875,0.4847,0.151,0.0141,0.0012,0.0,0.0,0.0,YES
0.5187,0.4039,0.0939,0.0116,0.0071,0.0,0.0,0.0,0.0,0.0,NO
1.0,1.0,1.0,0.7875,0.0027,0.0,0.0,0.0,0.0,0.0,YES
0.4039,0.2574,0.06,0.007,0.0,0.0,0.0,0.0,0.0,0.0,NO
0.2093,0.1222,0.0553,0.0113,0.0062,0.0,0.0,0.0,0.0,0.0,NO
0.2093,0.1246,0.1062,0.098,0.0659,0.0631,0.0099,0.0075,0.0,0.0,NO
0.4413,0.1951,0.1901,0.1851,0.1059,0.0436,0.0305,0.019,0.0,0.0,NO
0.3283,0.159,0.0248,0.0,0.0,0.0,0.0,0.0,0.0,0.0,NO
0.3384,0.3369,0.1707,0.159,0.0672,0.038,0.0,0.0,0.0,0.0,NO
0.4023,0.3022,0.2909,0.1951,0.1246,0.087,0.0321,0.0276,0.0159,0.0022,NO
0.2509,0.1322,0.1303,0.1246,0.0736,0.0585,0.0409,0.0174,0.0,0.0,NO
0.2093,0.0804,0.0674,0.0261,0.0165,0.0051,0.0023,0.0,0.0,0.0,NO
0.4413,0.3095,0.2637,0.2452,0.1951,0.0251,0.0249,0.0027,0.0022,0.0,NO
1.0,0.8982,0.8445,0.594,0.0902,0.0483,0.0242,0.0035,0.0008,0.0,YES
0.4413,0.4203,0.2318,0.1951,0.0436,0.0,0.0,0.0,0.0,0.0,NO
0.8982,0.594,0.538,0.5213,0.0676,0.0453,0.0318,0.0264,0.0135,0.0053,YES
0.2866,0.2729,0.1236,0.0892,0.0726,0.024,0.0199,0.0082,0.0,0.0,NO
0.2866,0.2729,0.1872,0.0785,0.0212,0.0194,0.0,0.0,0.0,0.0,NO
0.2866,0.2729,0.1275,0.0565,0.0373,0.0281,0.0014,0.0,0.0,0.0,NO
0.3249,0.2093,0.1246,0.0431,0.0409,0.0261,0.0253,0.0132,0.0,0.0,NO
0.3317,0.3049,0.2643,0.1554,0.1016,0.0849,0.0848,0.0,0.0,0.0,NO
0.2093,0.1175,0.0362,0.0316,0.0275,0.0261,0.0203,0.0135,0.0099,0.0,NO
0.3246,0.258,0.1222,0.1048,0.074,0.0631,0.029,0.0273,0.0,0.0,NO
0.2253,0.2201,0.2093,0.1246,0.0982,0.0579,0.023,0.017,0.0,0.0,NO
0.4715,0.2752,0.219,0.1957,0.159,0.0759,0.0155,0.0045,0.0,0.0,NO
1.0,0.8982,0.8156,0.594,0.0664,0.0526,0.021,0.0105,0.0086,0.0,YES
1.0,1.0,0.8982,0.3494,0.1642,0.0785,0.0462,0.0125,0.0,0.0,YES
1.0,1.0,0.594,0.3272,0.1489,0.1116,0.0074,0.0,0.0,0.0,YES
1.0,0.8982,0.594,0.4847,0.0705,0.034,0.0137,0.0096,0.0,0.0,YES
0.4413,0.3095,0.3081,0.1951,0.1192,0.0316,0.0079,0.0,0.0,0.0,NO
1.0,1.0,0.8982,0.594,0.2038,0.1685,0.1256,0.0296,0.0242,0.006,YES
0.2586,0.2574,0.1951,0.1844,0.1795,0.1027,0.0265,0.021,0.0,0.0,NO
0.1352,0.0904,0.0086,0.0,0.0,0.0,0.0,0.0,0.0,0.0,NO
0.1062,0.0812,0.0687,0.0487,0.0117,0.0038,0.0025,0.0,0.0,0.0,NO
0.31,0.1901,0.1059,0.0366,0.0226,0.0181,0.0,0.0,0.0,0.0,NO
0.3335,0.2306,0.1893,0.1893,0.019,0.0066,0.0,0.0,0.0,0.0,NO
0.3369,0.3335,0.2377,0.1893,0.1263,0.1124,0.0608,0.0108,0.0102,0.0,NO
0.2977,0.2123,0.1246,0.0721,0.0472,0.0361,0.0329,0.0,0.0,0.0,NO
0.1856,0.1352,0.1179,0.0929,0.0553,0.0486,0.0228,0.0,0.0,0.0,NO
0.1352,0.0804,0.0499,0.0071,0.0001,0.0,0.0,0.0,0.0,0.0,NO
0.31,0.2452,0.1951,0.0555,0.0541,0.0448,0.0296,0.0082,0.0,0.0,NO
1.0,0.8445,0.7443,0.4395,0.1007,0.0634,0.0437,0.0003,0.0,0.0,YES
0.311,0.31,0.0541,0.0368,0.0152,0.0,0.0,0.0,0.0,0.0,NO
0.7443,0.538,0.5213,0.4395,0.0611,0.0314,0.008,0.0,0.0,0.0,YES
0.2593,0.1236,0.0626,0.0602,0.024,0.024,0.0237,0.0,0.0,0.0,NO
0.2593,0.1552,0.0551,0.0494,0.0236,0.0133,0.012,0.0036,0.0,0.0,NO
0.2593,0.1275,0.0444,0.0005,0.0,0.0,0.0,0.0,0.0,0.0,NO
0.3249,0.1352,0.0287,0.0193,0.0157,0.012,0.0065,0.0022,0.0,0.0,NO
0.3335,0.233,0.2256,0.219,0.1893,0.185,0.0294,0.019,0.0,0.0,NO
0.1352,0.0974,0.0249,0.0193,0.0095,0.002,0.0018,0.0,0.0,0.0,NO
0.2511,0.228,0.1909,0.1893,0.1455,0.067,0.0523,0.019,0.0,0.0,NO
0.1867,0.1546,0.1352,0.0429,0.0274,0.0093,0.0088,0.0,0.0,0.0,NO
0.4715,0.3335,0.2752,0.1893,0.1893,0.1539,0.1448,0.019,0.0148,0.014,NO
1.0,0.8156,0.7443,0.4395,0.0135,0.0128,0.0046,0.0,0.0,0.0,YES
1.0,1.0,0.7443,0.2585,0.1524,0.1154,0.071,0.008,0.003,0.0,YES
1.0,1.0,0.4395,0.2711,0.0915,0.02,0.0,0.0,0.0,0.0,YES
1.0,0.7443,0.4847,0.4395,0.0192,0.0185,0.0047,0.0018,0.0,0.0,YES
0.31,0.228,0.1192,0.0581,0.0383,0.0356,0.0108,0.0069,0.0,0.0,NO
1.0,1.0,0.7443,0.4395,0.1432,0.0491,0.0288,0.0086,0.0,0.0,YES
0.2574,0.1816,0.1669,0.0555,0.0541,0.0392,0.025,0.0133,0.0,0.0,NO
0.2194,0.1454,0.1422,0.0605,0.0,0.0,0.0,0.0,0.0,0.0,NO
0.3233,0.1711,0.0638,0.0229,0.0111,0.0024,0.0,0.0,0.0,0.0,NO
1.0,1.0,1.0,0.645,0.6212,0.5704,0.1563,0.0214,0.0,0.0,YES
0.7438,0.4892,0.1793,0.1269,0.1199,0.111,0.057,0.033,0.0,0.0,YES
0.7667,0.2619,0.1984,0.1949,0.1828,0.1793,0.111,0.0712,0.0,0.0,YES
1.0,0.8963,0.7372,0.6847,0.6763,0.6123,0.4086,0.0311,0.0,0.0,YES
0.3986,0.3772,0.2995,0.2194,0.1971,0.0461,0.0184,0.0,0.0,0.0,NO
0.2194,0.134,0.1215,0.0614,0.0522,0.0181,0.0016,0.0,0.0,0.0,NO
1.0,1.0,1.0,0.9537,0.9179,0.576,0.4803,0.2118,0.0281,0.0149,YES
0.2044,0.1242,0.0335,0.0195,0.0107,0.0053,0.0,0.0,0.0,0.0,NO
1.0,1.0,1.0,1.0,0.9179,0.7141,0.3188,0.0096,0.0,0.0,YES
0.1629,0.0496,0.0298,0.013,0.0,0.0,0.0,0.0,0.0,0.0,NO
0.388,0.2988,0.2076,0.2021,0.1884,0.0224,0.0,0.0,0.0,0.0,NO
0.2988,0.2252,0.2039,0.1778,0.1108,0.0916,0.0195,0.0164,0.0,0.0,NO
0.2988,0.2894,0.0865,0.0421,0.0318,0.0142,0.0,0.0,0.0,0.0,NO
0.2194,0.1328,0.1297,0.0927,0.0562,0.0561,0.0397,0.0148,0.0076,0.0,NO
0.7517,0.5205,0.4892,0.2616,0.2543,0.1752,0.1199,0.111,0.0929,0.0,YES
0.2282,0.2194,0.1117,0.0691,0.0515,0.0402,0.03,0.0222,0.006,0.0,NO
0.7355,0.6649,0.6151,0.537,0.4892,0.1378,0.1199,0.0836,0.0299,0.0,YES
0.4988,0.3901,0.2194,0.1206,0.1075,0.0763,0.026,0.0059,0.0,0.0,NO
0.4963,0.4892,0.3889,0.356,0.3164,0.252,0.1793,0.1212,0.1199,0.111,YES
0.2695,0.2571,0.2295,0.2047,0.1963,0.1108,0.0075,0.0,0.0,0.0,NO
0.3721,0.2365,0.1362,0.0778,0.0507,0.0,0.0,0.0,0.0,0.0,NO
0.5872,0.5719,0.4588,0.173,0.0305,0.0,0.0,0.0,0.0,0.0,NO
0.3738,0.3261,0.3136,0.2173,0.1605,0.1205,0.0372,0.003,0.0,0.0,NO
1.0,1.0,1.0,0.9537,0.7249,0.604,0.3312,0.1787,0.0194,0.0175,YES
0.6789,0.6436,0.5191,0.4619,0.221,0.0273,0.0164,0.0,0.0,0.0,NO
1.0,1.0,0.9179,0.608,0.5859,0.4803,0.3166,0.1965,0.0237,0.013,YES
0.1089,0.0,0.0,0.0,0.0,0.0,0.0,0.0,0.0,0.0,NO
0.3233,0.1309,0.0888,0.0052,0.0,0.0,0.0,0.0,0.0,0.0,NO
1.0,0.7653,0.3691,0.2237,0.0,0.0,0.0,0.0,0.0,0.0,YES
0.6811,0.2599,0.1269,0.0816,0.0,0.0,0.0,0.0,0.0,0.0,NO
0.3646,0.1949,0.1544,0.1266,0.0,0.0,0.0,0.0,0.0,0.0,NO
1.0,0.585,0.5799,0.5642,0.0,0.0,0.0,0.0,0.0,0.0,YES
0.3772,0.3051,0.2822,0.2457,0.0,0.0,0.0,0.0,0.0,0.0,NO
0.134,0.0879,0.04,0.0022,0.0,0.0,0.0,0.0,0.0,0.0,NO
1.0,0.6877,0.6171,0.4408,0.295,0.0,0.0,0.0,0.0,0.0,YES
0.1242,0.091,0.0149,0.007,0.0,0.0,0.0,0.0,0.0,0.0,NO
1.0,0.7653,0.462,0.4564,0.0208,0.0,0.0,0.0,0.0,0.0,YES
0.1629,0.1274,0.0,0.0,0.0,0.0,0.0,0.0,0.0,0.0,NO
0.5402,0.2972,0.1442,0.0,0.0,0.0,0.0,0.0,0.0,0.0,NO
0.5402,0.292,0.1276,0.0,0.0,0.0,0.0,0.0,0.0,0.0,NO
0.5402,0.2894,0.056,0.0243,0.0197,0.0,0.0,0.0,0.0,0.0,NO
0.1297,0.086,0.0805,0.0781,0.0164,0.0,0.0,0.0,0.0,0.0,NO
0.6811,0.5205,0.364,0.2599,0.1693,0.0,0.0,0.0,0.0,0.0,NO
0.1747,0.0722,0.0717,0.0691,0.0519,0.013,0.0,0.0,0.0,0.0,NO
0.6811,0.537,0.5089,0.2599,0.1396,0.0,0.0,0.0,0.0,0.0,NO
0.2986,0.1092,0.0128,0.0,0.0,0.0,0.0,0.0,0.0,0.0,NO
0.6811,0.3889,0.2725,0.2599,0.1735,0.0,0.0,0.0,0.0,0.0,NO
0.2695,0.1587,0.1502,0.1325,0.0,0.0,0.0,0.0,0.0,0.0,NO
0.2365,0.1479,0.1083,0.0,0.0,0.0,0.0,0.0,0.0,0.0,NO
0.5719,0.2968,0.2477,0.0,0.0,0.0,0.0,0.0,0.0,0.0,NO
0.24,0.2298,0.1678,0.1406,0.0,0.0,0.0,0.0,0.0,0.0,NO
1.0,0.6171,0.5548,0.4742,0.2488,0.0,0.0,0.0,0.0,0.0,YES
0.6436,0.5196,0.3358,0.3077,0.0,0.0,0.0,0.0,0.0,0.0,NO
1.0,0.6877,0.4654,0.3476,0.2048,0.0183,0.0,0.0,0.0,0.0,YES
0.1362,0.112,0.0901,0.0,0.0,0.0,0.0,0.0,0.0,0.0,NO
0.2716,0.1731,0.1348,0.1304,0.0619,0.0115,0.0,0.0,0.0,0.0,NO
0.982,0.8399,0.7876,0.5816,0.3977,0.135,0.1192,0.0,0.0,0.0,YES
1.0,1.0,0.8408,0.7304,0.5748,0.1066,0.0,0.0,0.0,0.0,YES
1.0,0.8408,0.7529,0.5353,0.3415,0.1711,0.1637,0.1224,0.0,0.0,YES
0.8399,0.6724,0.6249,0.5807,0.5733,0.1737,0.0,0.0,0.0,0.0,YES
0.3168,0.314,0.2941,0.257,0.2374,0.1394,0.0,0.0,0.0,0.0,NO
0.1125,0.0411,0.027,0.0032,0.0,0.0,0.0,0.0,0.0,0.0,NO
0.982,0.8593,0.8399,0.665,0.4537,0.433,0.1741,0.1566,0.1129,0.0,YES
0.5997,0.2539,0.2007,0.1043,0.0879,0.0154,0.0075,0.005,0.0,0.0,NO
0.982,0.8593,0.8399,0.7876,0.4979,0.0461,0.0,0.0,0.0,0.0,YES
0.382,0.166,0.1369,0.1231,0.0739,0.0,0.0,0.0,0.0,0.0,NO
0.5221,0.445,0.1984,0.1484,0.125,0.017,0.0,0.0,0.0,0.0,NO
0.5221,0.445,0.2109,0.1873,0.1746,0.1246,0.0,0.0,0.0,0.0,NO
0.5221,0.445,0.2431,0.2347,0.0603,0.0289,0.025,0.0,0.0,0.0,NO
0.2307,0.1146,0.1089,0.0926,0.091,0.0827,0.0363,0.0,0.0,0.0,NO
1.0,0.9773,0.8408,0.7381,0.5748,0.4372,0.1824,0.1383,0.0,0.0,YES
0.1798,0.1052,0.0779,0.058,0.0501,0.0331,0.0288,0.028,0.0,0.0,NO
1.0,0.7685,0.7222,0.6331,0.5748,0.5237,0.451,0.1349,0.0446,0.0,YES
0.4898,0.3073,0.1601,0.1449,0.0284,0.0,0.0,0.0,0.0,0.0,NO
1.0,1.0,0.8408,0.5748,0.4874,0.3348,0.3267,0.2804,0.2359,0.0,YES
0.5792,0.2264,0.2148,0.1546,0.1427,0.0,0.0,0.0,0.0,0.0,NO
0.7101,0.3842,0.3654,0.1987,0.159,0.143,0.1275,0.0,0.0,0.0,NO
0.7101,0.4804,0.3199,0.2306,0.0,0.0,0.0,0.0,0.0,0.0,NO
0.3442,0.3053,0.247,0.2464,0.1515,0.0554,0.0,0.0,0.0,0.0,NO
0.982,0.8399,0.665,0.571,0.5654,0.3652,0.1466,0.0,0.0,0.0,YES
0.7101,0.5406,0.5348,0.4536,0.4518,0.3619,0.1524,0.1239,0.0,0.0,NO
0.8593,0.8399,0.5753,0.4789,0.336,0.2927,0.2207,0.1828,0.1323,0.0987,YES
0.1585,0.1136,0.0289,0.0054,0.0,0.0,0.0,0.0,0.0,0.0,NO
0.1366,0.0845,0.0324,0.0,0.0,0.0,0.0,0.0,0.0,0.0,NO
0.7986,0.6768,0.645,0.5126,0.3559,0.0834,0.0,0.0,0.0,0.0,YES
0.6479,0.3813,0.1575,0.033,0.0,0.0,0.0,0.0,0.0,0.0,NO
0.393,0.3468,0.1992,0.1984,0.1575,0.0789,0.0,0.0,0.0,0.0,NO
0.6763,0.6671,0.5887,0.5592,0.351,0.0,0.0,0.0,0.0,0.0,YES
0.3184,0.1535,0.1529,0.0261,0.0054,0.0,0.0,0.0,0.0,0.0,NO
0.1215,0.0417,0.0087,0.0054,0.0021,0.0,0.0,0.0,0.0,0.0,NO
1.0,1.0,0.5951,0.5126,0.46,0.2806,0.1077,0.0211,0.0,0.0,YES
0.3707,0.1048,0.0566,0.0475,0.0156,0.0067,0.0058,0.0,0.0,0.0,NO
1.0,1.0,0.7986,0.5126,0.4455,0.0,0.0,0.0,0.0,0.0,YES
0.2362,0.0793,0.0237,0.0003,0.0,0.0,0.0,0.0,0.0,0.0,NO
0.388,0.3363,0.1504,0.1429,0.1036,0.0105,0.0,0.0,0.0,0.0,NO
0.3363,0.2454,0.1429,0.1214,0.1108,0.0912,0.0233,0.0005,0.0,0.0,NO
0.3363,0.1429,0.054,0.0254,0.0188,0.0,0.0,0.0,0.0,0.0,NO
0.1426,0.0829,0.0743,0.0475,0.0397,0.0054,0.0,0.0,0.0,0.0,NO
0.6479,0.3853,0.1632,0.1575,0.0444,0.0,0.0,0.0,0.0,0.0,NO
0.1823,0.0697,0.0682,0.0402,0.0326,0.0323,0.0106,0.0054,0.0,0.0,NO
0.6479,0.6151,0.531,0.377,0.1186,0.0869,0.0143,0.0,0.0,0.0,NO
0.3116,0.2557,0.1206,0.0514,0.0054,0.0,0.0,0.0,0.0,0.0,NO
0.6479,0.3164,0.2843,0.2745,0.2544,0.207,0.1575,0.0,0.0,0.0,NO
0.3581,0.2571,0.25,0.1567,0.1277,0.0002,0.0,0.0,0.0,0.0,NO
0.439,0.1908,0.1483,0.103,0.0921,0.072,0.0,0.0,0.0,0.0,NO
0.5872,0.439,0.2862,0.0432,0.0,0.0,0.0,0.0,0.0,0.0,NO
0.3738,0.3552,0.2504,0.2128,0.1596,0.1356,0.0178,0.0001,0.0,0.0,NO
1.0,0.658,0.5951,0.5789,0.5126,0.2366,0.0275,0.0004,0.0,0.0,YES
0.5422,0.439,0.3239,0.2927,0.2368,0.0232,0.0,0.0,0.0,0.0,NO
1.0,1.0,0.4856,0.3003,0.2164,0.1975,0.113,0.094,0.0185,0.0,YES
0.1594,0.0344,0.0,0.0,0.0,0.0,0.0,0.0,0.0,0.0,NO
0.2059,0.1304,0.0619,0.0459,0.0413,0.0174,0.0169,0.0,0.0,0.0,NO
1.0,0.2416,0.1192,0.0965,0.0624,0.0169,0.0,0.0,0.0,0.0,YES
1.0,1.0,1.0,0.8689,0.7438,0.0352,0.0,0.0,0.0,0.0,YES
1.0,1.0,0.7667,0.5353,0.5161,0.1645,0.0536,0.0,0.0,0.0,YES
0.6847,0.2522,0.1781,0.1737,0.0407,0.0198,0.0,0.0,0.0,0.0,YES
0.3191,0.2995,0.257,0.1658,0.1217,0.0963,0.0,0.0,0.0,0.0,NO
0.0477,0.0379,0.0128,0.0126,0.0032,0.0,0.0,0.0,0.0,0.0,NO
1.0,0.433,0.2965,0.1566,0.1391,0.1342,0.0805,0.0,0.0,0.0,YES
0.4207,0.3019,0.2773,0.2044,0.1592,0.1182,0.0047,0.0,0.0,0.0,NO
1.0,0.2416,0.1968,0.0697,0.0,0.0,0.0,0.0,0.0,0.0,YES
0.4207,0.1766,0.166,0.1655,0.1307,0.083,0.0,0.0,0.0,0.0,NO
0.7871,0.7016,0.2021,0.1281,0.125,0.0455,0.034,0.0197,0.0079,0.0,NO
0.7871,0.7016,0.1873,0.1778,0.1481,0.1259,0.0877,0.0,0.0,0.0,NO
0.7871,0.7016,0.2347,0.0289,0.0203,0.0077,0.0,0.0,0.0,0.0,NO
0.1146,0.1067,0.0927,0.0827,0.0549,0.0347,0.0,0.0,0.0,0.0,NO
1.0,1.0,0.9773,0.8689,0.7517,0.2447,0.1569,0.1238,0.0,0.0,YES
0.1052,0.0674,0.0586,0.0551,0.055,0.0436,0.0,0.0,0.0,0.0,NO
1.0,0.8689,0.7685,0.7529,0.7355,0.1813,0.1606,0.0789,0.0296,0.0,YES
0.4988,0.2833,0.1449,0.1055,0.0942,0.0471,0.0429,0.0,0.0,0.0,NO
1.0,1.0,1.0,0.8689,0.4963,0.1548,0.086,0.0748,0.0438,0.0,YES
0.4207,0.2678,0.1592,0.0684,0.0474,0.0,0.0,0.0,0.0,0.0,NO
0.457,0.4207,0.3721,0.3283,0.1921,0.1592,0.159,0.0,0.0,0.0,NO
0.3283,0.2743,0.1592,0.1533,0.1068,0.0,0.0,0.0,0.0,0.0,NO
0.4207,0.2464,0.1592,0.1591,0.0991,0.0979,0.0758,0.0,0.0,0.0,NO
1.0,0.3652,0.2044,0.1751,0.1743,0.019,0.0,0.0,0.0,0.0,YES
0.4619,0.4518,0.4207,0.3283,0.164,0.1592,0.1524,0.1473,0.0,0.0,NO
0.5859,0.5177,0.4516,0.2965,0.1469,0.1323,0.1174,0.0845,0.0611,0.0,YES
1.0,1.0,0.1259,0.0643,0.0398,0.0313,0.0,0.0,0.0,0.0,YES
1.0,0.345,0.0479,0.0431,0.0347,0.0147,0.0037,0.0,0.0,0.0,YES
0.4952,0.2798,0.2746,0.0846,0.0346,0.0282,0.0057,0.0,0.0,0.0,NO
0.3683,0.2369,0.2094,0.1831,0.0,0.0,0.0,0.0,0.0,0.0,NO
0.3796,0.2369,0.2094,0.1101,0.1088,0.0808,0.0,0.0,0.0,0.0,NO
0.3391,0.2707,0.2062,0.0759,0.0411,0.0407,0.0061,0.0,0.0,0.0,NO
1.0,0.345,0.2796,0.1483,0.1115,0.0609,0.0347,0.0,0.0,0.0,YES
1.0,1.0,0.0377,0.0263,0.0146,0.0142,0.0,0.0,0.0,0.0,YES
0.4952,0.4057,0.1611,0.0371,0.0281,0.0131,0.0073,0.006,0.0,0.0,NO
0.3269,0.1012,0.0632,0.0253,0.0055,0.0023,0.0,0.0,0.0,0.0,NO
0.4952,0.4057,0.2798,0.0147,0.0,0.0,0.0,0.0,0.0,0.0,NO
0.1704,0.1032,0.0646,0.0593,0.0393,0.0161,0.0145,0.0,0.0,0.0,NO
0.6218,0.1001,0.0527,0.0404,0.0296,0.0007,0.0,0.0,0.0,0.0,NO
0.6218,0.1013,0.0996,0.0887,0.0881,0.0537,0.031,0.0,0.0,0.0,NO
0.6218,0.0556,0.0417,0.0089,0.0,0.0,0.0,0.0,0.0,0.0,NO
1.0,1.0,0.345,0.0459,0.0196,0.0116,0.0097,0.0,0.0,0.0,YES
0.3722,0.2315,0.2094,0.1933,0.1831,0.0,0.0,0.0,0.0,0.0,NO
1.0,1.0,0.0875,0.0638,0.0463,0.0132,0.0092,0.0,0.0,0.0,YES
0.3642,0.186,0.1831,0.182,0.1576,0.0623,0.0,0.0,0.0,0.0,NO
1.0,1.0,0.345,0.247,0.2238,0.1091,0.0343,0.009,0.0,0.0,YES
0.2458,0.2369,0.2094,0.1831,0.1114,0.0996,0.0899,0.0215,0.0141,0.0,NO
0.3269,0.1014,0.0583,0.0549,0.0503,0.0342,0.0244,0.0,0.0,0.0,NO
0.3269,0.1843,0.0957,0.0602,0.0345,0.0299,0.0,0.0,0.0,0.0,NO
0.3269,0.0574,0.0299,0.0205,0.0,0.0,0.0,0.0,0.0,0.0,NO
0.3269,0.1441,0.0877,0.0774,0.0267,0.0145,0.0135,0.0,0.0,0.0,NO
0.4952,0.267,0.2028,0.0799,0.039,0.0365,0.022,0.0,0.0,0.0,NO
0.3269,0.2287,0.1899,0.0361,0.0308,0.0299,0.0285,0.0,0.0,0.0,NO
0.409,0.4057,0.2901,0.1701,0.0313,0.0246,0.0129,0.0077,0.0,0.0,NO
0.1585,0.1422,0.0994,0.0837,0.0,0.0,0.0,0.0,0.0,0.0,NO
0.3002,0.1711,0.0536,0.0305,0.0072,0.0007,0.0,0.0,0.0,0.0,NO
1.0,1.0,0.9284,0.6768,0.645,0.5981,0.2941,0.0139,0.0007,0.0,YES
0.7438,0.1483,0.1179,0.1165,0.1072,0.033,0.0,0.0,0.0,0.0,YES
0.7667,0.1992,0.1984,0.181,0.1483,0.1389,0.1165,0.0023,0.0,0.0,YES
0.9397,0.9284,0.7689,0.7372,0.6847,0.6763,0.6671,0.3274,0.0202,0.0008,YES
0.3986,0.3709,0.3502,0.2995,0.2042,0.0299,0.0246,0.0,0.0,0.0,NO
0.1244,0.1215,0.1156,0.0548,0.0522,0.025,0.0005,0.0,0.0,0.0,NO
1.0,1.0,1.0,1.0,0.9284,0.9039,0.576,0.2146,0.0199,0.0182,YES
0.4834,0.2044,0.1153,0.0448,0.0195,0.0113,0.0068,0.0058,0.0,0.0,NO
1.0,1.0,1.0,1.0,0.9284,0.7487,0.5999,0.3421,0.0,0.0,YES
0.4834,0.1513,0.0686,0.0193,0.0035,0.0,0.0,0.0,0.0,0.0,NO
0.4132,0.3907,0.388,0.2021,0.1884,0.0146,0.0008,0.0,0.0,0.0,NO
0.4132,0.3838,0.2454,0.1778,0.1108,0.022,0.0,0.0,0.0,0.0,NO
0.4132,0.2687,0.0907,0.0318,0.0273,0.0009,0.0,0.0,0.0,0.0,NO
0.1393,0.1204,0.1058,0.0927,0.0397,0.0212,0.0096,0.0,0.0,0.0,NO
0.7517,0.4832,0.4785,0.2743,0.2481,0.1483,0.1285,0.1138,0.0,0.0,YES
0.2282,0.1171,0.0641,0.0402,0.0326,0.0308,0.0213,0.0,0.0,0.0,NO
0.7355,0.6649,0.6151,0.4985,0.2099,0.1116,0.0895,0.0414,0.0,0.0,YES
0.4988,0.3901,0.1487,0.1436,0.1206,0.0471,0.0169,0.0,0.0,0.0,NO
0.4963,0.3611,0.356,0.3164,0.2745,0.2281,0.1593,0.1483,0.1165,0.0019,YES
0.4834,0.2571,0.2502,0.25,0.2146,0.2086,0.1963,0.0068,0.0,0.0,NO
0.3721,0.2843,0.2196,0.1483,0.0677,0.0068,0.0,0.0,0.0,0.0,NO
0.5872,0.531,0.4834,0.481,0.3256,0.0407,0.0068,0.0,0.0,0.0,NO
0.4834,0.3738,0.3552,0.3136,0.3021,0.2278,0.0514,0.0068,0.0,0.0,NO
1.0,1.0,1.0,0.9284,0.7249,0.658,0.6232,0.2507,0.0258,0.0008,YES
0.6789,0.5975,0.5442,0.4834,0.4619,0.0218,0.0178,0.0068,0.0,0.0,NO
1.0,1.0,0.9284,0.9039,0.608,0.5859,0.3319,0.2718,0.0174,0.0154,YES
0.164,0.1291,0.0827,0.0,0.0,0.0,0.0,0.0,0.0,0.0,NO
0.3233,0.0994,0.0884,0.0645,0.0525,0.0237,0.0128,0.0021,0.0,0.0,NO
1.0,1.0,0.5981,0.5811,0.5513,0.446,0.3253,0.0643,0.0246,0.0,YES
0.7438,0.2061,0.1815,0.1269,0.1186,0.1038,0.0228,0.0,0.0,0.0,YES
0.7667,0.2292,0.2061,0.2046,0.1949,0.1622,0.1372,0.0971,0.0617,0.0,YES
1.0,0.9397,0.8507,0.6847,0.5434,0.54,0.4677,0.4284,0.0757,0.0466,YES
0.4103,0.3772,0.3368,0.2995,0.2317,0.053,0.0,0.0,0.0,0.0,NO
0.134,0.1279,0.0905,0.084,0.0489,0.0304,0.0006,0.0,0.0,0.0,NO
1.0,1.0,1.0,1.0,0.8145,0.6915,0.354,0.3347,0.0786,0.0323,YES
0.7974,0.6074,0.4814,0.2044,0.1242,0.0113,0.0113,0.0047,0.0,0.0,NO
1.0,1.0,0.8145,0.7487,0.6915,0.6637,0.5811,0.5643,0.0083,0.0,YES
0.7974,0.4814,0.3166,0.1629,0.0342,0.0,0.0,0.0,0.0,0.0,NO
0.4322,0.2683,0.2021,0.1095,0.0751,0.0389,0.0258,0.0,0.0,0.0,NO
0.4246,0.1999,0.1778,0.1003,0.0766,0.034,0.0,0.0,0.0,0.0,NO
0.2894,0.0907,0.0775,0.0484,0.0185,0.0053,0.0,0.0,0.0,0.0,NO
0.1393,0.1297,0.117,0.0927,0.035,0.0275,0.0208,0.0171,0.0066,0.0,NO
0.7517,0.5293,0.5205,0.4093,0.2743,0.2015,0.1815,0.1416,0.1038,0.0,YES
0.1326,0.1171,0.0691,0.063,0.0351,0.0278,0.0266,0.0191,0.0052,0.0,NO
0.7355,0.537,0.4254,0.3864,0.3463,0.1815,0.1584,0.1038,0.0338,0.0,YES
0.4988,0.2267,0.1588,0.1207,0.0834,0.0778,0.0299,0.0051,0.0,0.0,NO
0.4963,0.3889,0.2628,0.2523,0.2236,0.2188,0.2069,0.2061,0.1815,0.1671,YES
0.7974,0.6074,0.4814,0.2695,0.2308,0.2146,0.2036,0.1778,0.1141,0.0,NO
0.6074,0.4814,0.469,0.3721,0.2365,0.1208,0.0288,0.0,0.0,0.0,NO
0.7974,0.6074,0.5719,0.481,0.406,0.3602,0.1753,0.0,0.0,0.0,NO
0.7974,0.6074,0.4814,0.3342,0.2894,0.2585,0.2278,0.1822,0.0447,0.0,NO
1.0,1.0,1.0,0.6915,0.6895,0.536,0.4213,0.4136,0.0724,0.0663,YES
0.7974,0.6436,0.6074,0.5442,0.4814,0.4619,0.3946,0.082,0.0314,0.0,NO
1.0,1.0,0.8145,0.6915,0.5859,0.3534,0.3319,0.0273,0.0073,0.0,YES
0.1422,0.1279,0.0507,0.0,0.0,0.0,0.0,0.0,0.0,0.0,NO
0.3233,0.1711,0.0875,0.009,0.0,0.0,0.0,0.0,0.0,0.0,NO
1.0,1.0,1.0,0.645,0.5981,0.5463,0.1666,0.0993,0.0173,0.0,YES
0.7438,0.671,0.1453,0.1269,0.0607,0.033,0.0,0.0,0.0,0.0,YES
0.7667,0.3592,0.1984,0.1949,0.1608,0.1453,0.0397,0.0,0.0,0.0,YES
1.0,0.9397,0.7372,0.6847,0.6763,0.5385,0.4356,0.0252,0.0,0.0,YES
0.3986,0.3772,0.2995,0.2101,0.0769,0.0507,0.0373,0.0,0.0,0.0,NO
0.134,0.1215,0.0655,0.0522,0.0507,0.0022,0.0,0.0,0.0,0.0,NO
1.0,1.0,1.0,1.0,0.8072,0.576,0.5121,0.2905,0.1281,0.0228,YES
0.4412,0.2044,0.1242,0.0285,0.0195,0.0113,0.0047,0.0,0.0,0.0,NO
1.0,1.0,1.0,1.0,0.8072,0.7487,0.3399,0.0,0.0,0.0,YES
0.2811,0.1629,0.0399,0.0241,0.003,0.0,0.0,0.0,0.0,0.0,NO
0.388,0.2213,0.2021,0.1884,0.1692,0.0182,0.0125,0.0,0.0,0.0,NO
0.2174,0.1981,0.1778,0.1692,0.1257,0.1108,0.0045,0.0,0.0,0.0,NO
0.2894,0.1692,0.0907,0.0341,0.0318,0.0194,0.0,0.0,0.0,0.0,NO
0.1697,0.1393,0.1297,0.0927,0.0769,0.0599,0.0507,0.0397,0.012,0.0,NO
0.7517,0.671,0.5205,0.2743,0.2711,0.142,0.0,0.0,0.0,0.0,YES
0.2282,0.1171,0.0706,0.0691,0.0507,0.0402,0.0263,0.0162,0.0,0.0,NO
0.7355,0.671,0.6649,0.6151,0.537,0.1117,0.0437,0.0,0.0,0.0,YES
0.4988,0.3901,0.1206,0.0813,0.0507,0.0211,0.0,0.0,0.0,0.0,NO
0.671,0.4963,0.3889,0.356,0.3164,0.2463,0.2216,0.1453,0.1292,0.0,YES
0.4261,0.2695,0.2571,0.2146,0.2018,0.1963,0.1182,0.0017,0.0,0.0,NO
0.5224,0.3721,0.2365,0.1197,0.1067,0.0463,0.0,0.0,0.0,0.0,NO
0.5872,0.5719,0.5224,0.481,0.1845,0.0,0.0,0.0,0.0,0.0,NO
0.3738,0.3136,0.2868,0.2532,0.2278,0.1711,0.1653,0.0007,0.0,0.0,NO
1.0,1.0,1.0,1.0,0.7249,0.5312,0.3531,0.245,0.004,0.0,YES
0.6789,0.6436,0.5442,0.5224,0.4619,0.3031,0.0221,0.0,0.0,0.0,NO
1.0,1.0,0.8072,0.608,0.5859,0.5121,0.3319,0.1345,0.1089,0.0192,YES
0.1585,0.1422,0.0686,0.006,0.0034,0.0,0.0,0.0,0.0,0.0,NO
0.3233,0.1711,0.031,0.006,0.0031,0.0014,0.0,0.0,0.0,0.0,NO
1.0,1.0,0.6768,0.645,0.5693,0.3253,0.2871,0.0505,0.0014,0.0,YES
0.4235,0.1559,0.1507,0.1269,0.1186,0.033,0.0,0.0,0.0,0.0,YES
0.4365,0.1992,0.1984,0.1949,0.1507,0.0926,0.0046,0.0,0.0,0.0,YES
1.0,0.8507,0.7372,0.6763,0.6671,0.4512,0.3898,0.0017,0.0005,0.0,YES
0.4103,0.3986,0.3772,0.1705,0.025,0.0034,0.0017,0.0,0.0,0.0,NO
0.134,0.1279,0.1215,0.0522,0.0205,0.006,0.0034,0.0011,0.0,0.0,NO
1.0,1.0,1.0,1.0,0.576,0.5693,0.4801,0.0651,0.0202,0.0001,YES
0.2242,0.1242,0.1164,0.0455,0.0195,0.0135,0.0058,0.0054,0.0,0.0,NO
1.0,1.0,1.0,1.0,0.6637,0.5693,0.3595,0.0125,0.0,0.0,YES
0.1629,0.1429,0.0563,0.0071,0.0004,0.0002,0.0,0.0,0.0,0.0,NO
0.4322,0.388,0.3389,0.1884,0.115,0.0064,0.0017,0.0,0.0,0.0,NO
0.4246,0.3389,0.2454,0.1108,0.1013,0.0223,0.0006,0.0003,0.0,0.0,NO
0.3389,0.2894,0.0436,0.0318,0.0017,0.0,0.0,0.0,0.0,0.0,NO
0.1297,0.117,0.0863,0.0669,0.0528,0.0397,0.0098,0.006,0.0034,0.0,NO
0.5293,0.5205,0.4279,0.1559,0.1507,0.1317,0.1053,0.0,0.0,0.0,YES
0.2282,0.0691,0.0562,0.0402,0.0326,0.0252,0.0078,0.006,0.0034,0.0,NO
0.6649,0.6151,0.537,0.4187,0.1559,0.1135,0.0339,0.0,0.0,0.0,YES
0.3901,0.284,0.1588,0.1219,0.1206,0.0077,0.006,0.0034,0.0,0.0,NO
0.3889,0.356,0.3164,0.2826,0.2745,0.2523,0.1559,0.1507,0.1252,0.0037,YES
0.2695,0.2571,0.25,0.2308,0.2166,0.1963,0.1031,0.0135,0.0003,0.0001,NO
0.2655,0.2365,0.2119,0.1483,0.0689,0.0135,0.0,0.0,0.0,0.0,NO
0.5872,0.5719,0.3602,0.2655,0.2309,0.0413,0.0135,0.0,0.0,0.0,NO
0.3738,0.3552,0.3342,0.3136,0.1287,0.1094,0.0422,0.0135,0.0,0.0,NO
1.0,1.0,0.7249,0.6895,0.658,0.5693,0.4801,0.0263,0.0016,0.0003,YES
0.6789,0.6436,0.2655,0.263,0.2613,0.0222,0.0135,0.0002,0.0,0.0,NO
1.0,1.0,1.0,1.0,0.608,0.3335,0.2229,0.1594,0.0683,0.0177,YES
0.0985,0.0447,0.0088,0.0042,0.0,0.0,0.0,0.0,0.0,0.0,NO
0.1923,0.0771,0.0707,0.0619,0.0447,0.0201,0.005,0.0,0.0,0.0,NO
0.6711,0.2188,0.1192,0.1161,0.0555,0.0489,0.0375,0.0366,0.0292,0.0,YES
1.0,1.0,0.9338,0.5916,0.4992,0.0278,0.0202,0.0019,0.0,0.0,YES
1.0,0.9338,0.594,0.5145,0.3167,0.0427,0.0113,0.011,0.0,0.0,YES
0.4595,0.2188,0.1737,0.1452,0.0768,0.0384,0.037,0.0216,0.0034,0.0,YES
0.257,0.201,0.1548,0.0825,0.07,0.0125,0.0117,0.0,0.0,0.0,NO
0.0447,0.0295,0.0293,0.0218,0.0069,0.0019,0.0015,0.0,0.0,0.0,NO
0.6711,0.2562,0.2188,0.1707,0.1566,0.1498,0.1253,0.0817,0.0567,0.0555,YES
0.5159,0.2819,0.1372,0.0272,0.0009,0.0006,0.0003,0.0,0.0,0.0,NO
0.6711,0.2188,0.1133,0.0802,0.0612,0.0567,0.0555,0.0292,0.0,0.0,YES
0.3287,0.166,0.0807,0.0357,0.0029,0.0,0.0,0.0,0.0,0.0,NO
0.4862,0.1356,0.125,0.0738,0.022,0.0146,0.0055,0.0,0.0,0.0,NO
0.4862,0.1383,0.1194,0.1108,0.0725,0.0136,0.0063,0.0045,0.0,0.0,NO
0.4862,0.2347,0.0633,0.0171,0.0074,0.0009,0.0,0.0,0.0,0.0,NO
0.1985,0.0827,0.0678,0.0632,0.0622,0.0447,0.0284,0.02,0.0114,0.0023,NO
1.0,0.9773,0.9338,0.5916,0.5044,0.1511,0.1139,0.0903,0.0224,0.0,YES
0.0622,0.0502,0.0447,0.0362,0.0151,0.0096,0.0067,0.0023,0.0018,0.0,NO
1.0,0.7685,0.7031,0.5916,0.4936,0.1175,0.0487,0.0349,0.0194,0.0,YES
0.3348,0.175,0.1449,0.0494,0.0447,0.0271,0.0114,0.0068,0.0,0.0,NO
1.0,1.0,0.9338,0.5916,0.3331,0.288,0.0851,0.0431,0.018,0.0152,YES
0.4983,0.059,0.0394,0.0175,0.0146,0.0139,0.0057,0.0023,0.0,0.0,NO
0.6109,0.4267,0.2498,0.094,0.0518,0.0082,0.0,0.0,0.0,0.0,NO
0.6109,0.2561,0.1252,0.0615,0.0393,0.0333,0.0,0.0,0.0,0.0,NO
0.2961,0.1457,0.0605,0.057,0.0212,0.0197,0.0186,0.0092,0.0,0.0,NO
0.6711,0.2188,0.216,0.1628,0.1177,0.0817,0.0567,0.0365,0.0212,0.0,YES
0.6109,0.31,0.2673,0.1524,0.1408,0.1376,0.0445,0.0198,0.0013,0.0,NO
0.3932,0.3198,0.2188,0.1707,0.1572,0.1323,0.1096,0.0704,0.0567,0.0555,YES
0.0799,0.0487,0.0038,0.0,0.0,0.0,0.0,0.0,0.0,0.0,NO
0.2059,0.1304,0.0961,0.049,0.0417,0.0201,0.0,0.0,0.0,0.0,NO
1.0,0.5615,0.3783,0.2111,0.0943,0.0871,0.0102,0.0,0.0,0.0,YES
1.0,1.0,1.0,0.7911,0.7438,0.0193,0.0,0.0,0.0,0.0,YES
1.0,0.7911,0.7667,0.594,0.5353,0.1164,0.0328,0.0,0.0,0.0,YES
0.6847,0.414,0.3967,0.3316,0.1374,0.0007,0.0,0.0,0.0,0.0,YES
0.2995,0.2238,0.2033,0.1658,0.0635,0.0487,0.0417,0.0,0.0,0.0,NO
0.0712,0.0487,0.0293,0.0032,0.0017,0.0,0.0,0.0,0.0,0.0,NO
1.0,0.5865,0.433,0.3529,0.3234,0.1342,0.1239,0.1124,0.0007,0.0,YES
0.3871,0.3019,0.2044,0.0235,0.011,0.004,0.0,0.0,0.0,0.0,NO
1.0,0.5865,0.5615,0.2642,0.0802,0.0,0.0,0.0,0.0,0.0,YES
0.2466,0.1313,0.0329,0.0029,0.0018,0.0,0.0,0.0,0.0,0.0,NO
0.2276,0.2021,0.1397,0.1058,0.0989,0.011,0.0,0.0,0.0,0.0,NO
0.1873,0.1778,0.1481,0.1397,0.065,0.0065,0.0043,0.0,0.0,0.0,NO
0.1857,0.1397,0.032,0.0289,0.0179,0.0,0.0,0.0,0.0,0.0,NO
0.1489,0.1146,0.0927,0.0655,0.0632,0.0492,0.0487,0.0417,0.0233,0.0,NO
1.0,1.0,1.0,0.7732,0.7517,0.0968,0.0,0.0,0.0,0.0,YES
0.1281,0.1052,0.0502,0.0487,0.0413,0.0236,0.0134,0.0106,0.0,0.0,NO
1.0,1.0,0.7529,0.7355,0.608,0.3734,0.3608,0.0361,0.0,0.0,YES
0.4988,0.2191,0.1146,0.0707,0.0494,0.0487,0.0417,0.0,0.0,0.0,NO
1.0,1.0,1.0,0.7911,0.4963,0.2161,0.1999,0.1856,0.0,0.0,YES
0.3739,0.1508,0.1102,0.0757,0.007,0.0017,0.0,0.0,0.0,0.0,NO
0.4584,0.457,0.3721,0.159,0.0383,0.0042,0.0,0.0,0.0,0.0,NO
0.4584,0.3444,0.2743,0.1697,0.0025,0.0,0.0,0.0,0.0,0.0,NO
0.2464,0.2222,0.2193,0.1761,0.0804,0.0032,0.0007,0.0,0.0,0.0,NO
1.0,0.5865,0.407,0.3652,0.3529,0.1743,0.0039,0.0027,0.0,0.0,YES
0.4619,0.4584,0.4518,0.3812,0.1921,0.1473,0.1206,0.0,0.0,0.0,NO
0.5865,0.5859,0.3414,0.118,0.1174,0.1171,0.1047,0.0899,0.0704,0.0,YES
0.2552,0.2526,0.2025,0.0688,0.022,0.0,0.0,0.0,0.0,0.0,NO
0.2552,0.243,0.0777,0.0335,0.0226,0.0196,0.0154,0.0048,0.0,0.0,NO
0.3451,0.294,0.2027,0.1178,0.0596,0.0378,0.0225,0.0,0.0,0.0,NO
0.3776,0.3169,0.2567,0.2417,0.1182,0.0429,0.0104,0.0,0.0,0.0,NO
0.3776,0.3169,0.2645,0.2185,0.1436,0.0865,0.0717,0.0633,0.0624,0.0,NO
0.3079,0.2898,0.2363,0.2126,0.0551,0.0298,0.0265,0.0194,0.0043,0.0,NO
0.4239,0.2526,0.243,0.1485,0.1034,0.0814,0.0714,0.0626,0.0,0.0,NO
0.2552,0.2526,0.0606,0.0463,0.0382,0.0171,0.01,0.0004,0.0,0.0,NO
0.4344,0.362,0.3451,0.3143,0.0512,0.0507,0.0496,0.0043,0.0033,0.0,NO
0.3073,0.2128,0.157,0.114,0.0705,0.0025,0.0,0.0,0.0,0.0,NO
0.4344,0.3451,0.3143,0.2402,0.0194,0.0,0.0,0.0,0.0,0.0,NO
0.3073,0.2198,0.166,0.1109,0.0526,0.0165,0.015,0.0102,0.0,0.0,NO
1.0,0.932,0.1564,0.122,0.0697,0.0396,0.0263,0.0248,0.0,0.0,YES
1.0,0.932,0.1537,0.1066,0.0641,0.0614,0.0559,0.0379,0.0348,0.0259,YES
1.0,0.932,0.0744,0.0271,0.0034,0.0,0.0,0.0,0.0,0.0,YES
0.2552,0.2526,0.243,0.0424,0.032,0.0262,0.0153,0.0136,0.0125,0.0,NO
0.3776,0.3108,0.3097,0.2594,0.2417,0.1916,0.1182,0.0904,0.0,0.0,NO
0.2552,0.2526,0.0895,0.0745,0.0616,0.0402,0.0142,0.0126,0.0124,0.0121,NO
0.2843,0.2538,0.2436,0.2417,0.2408,0.1934,0.1182,0.1002,0.0216,0.0,NO
0.3599,0.2552,0.2526,0.243,0.1721,0.0771,0.0575,0.0459,0.0379,0.0119,NO
0.3776,0.3169,0.2417,0.1713,0.1192,0.1182,0.0995,0.0913,0.0585,0.0055,NO
0.3073,0.2128,0.1086,0.0835,0.0808,0.041,0.0128,0.0086,0.0,0.0,NO
0.3073,0.2552,0.2128,0.1725,0.1284,0.0644,0.0243,0.0188,0.0,0.0,NO
0.2128,0.1846,0.1304,0.1119,0.1036,0.0144,0.0,0.0,0.0,0.0,NO
0.3073,0.2128,0.1543,0.1244,0.121,0.1175,0.0291,0.0188,0.0034,0.0,NO
0.3451,0.3143,0.2858,0.2496,0.0658,0.0432,0.0254,0.0202,0.0155,0.0,NO
0.3073,0.2128,0.1594,0.0556,0.0534,0.0483,0.0073,0.0,0.0,0.0,NO
0.6577,0.5999,0.4344,0.362,0.3143,0.2021,0.0443,0.0419,0.017,0.0,NO
1.0,0.3812,0.0907,0.0653,0.0211,0.0,0.0,0.0,0.0,0.0,YES
1.0,0.3812,0.0355,0.0268,0.0117,0.0114,0.0043,0.0015,0.0,0.0,YES
0.2452,0.1054,0.083,0.0249,0.0225,0.0138,0.0,0.0,0.0,0.0,NO
0.216,0.189,0.0118,0.0105,0.0091,0.0,0.0,0.0,0.0,0.0,NO
0.189,0.1283,0.0294,0.0162,0.0063,0.0,0.0,0.0,0.0,0.0,NO
0.1656,0.083,0.0694,0.0652,0.0328,0.0315,0.0289,0.0176,0.0,0.0,NO
1.0,1.0,0.1066,0.0486,0.0433,0.0315,0.0313,0.0,0.0,0.0,YES
1.0,0.3812,0.041,0.0195,0.0116,0.0111,0.0098,0.0,0.0,0.0,YES
0.1763,0.083,0.0767,0.0455,0.0296,0.0178,0.0175,0.0051,0.005,0.0,NO
0.3252,0.1024,0.0613,0.0103,0.002,0.0,0.0,0.0,0.0,0.0,NO
0.132,0.083,0.0725,0.0509,0.0173,0.0,0.0,0.0,0.0,0.0,NO
0.3252,0.1024,0.0593,0.0536,0.0422,0.039,0.0314,0.0246,0.0135,0.0,NO
0.3226,0.0331,0.0263,0.0236,0.0017,0.0,0.0,0.0,0.0,0.0,NO
0.3226,0.1558,0.0887,0.0678,0.0386,0.0326,0.0022,0.0,0.0,0.0,NO
0.3226,0.0444,0.024,0.016,0.0003,0.0,0.0,0.0,0.0,0.0,NO
1.0,1.0,0.3812,0.0246,0.0236,0.0156,0.0136,0.0108,0.009,0.0045,YES
0.216,0.1847,0.1003,0.0957,0.0526,0.0484,0.0432,0.0406,0.0118,0.0,NO
1.0,0.3812,0.2536,0.0425,0.024,0.0206,0.0108,0.0057,0.0045,0.0012,YES
0.216,0.1452,0.0446,0.0445,0.0323,0.0228,0.0118,0.0,0.0,0.0,NO
1.0,1.0,0.3812,0.1161,0.0816,0.0274,0.0122,0.0107,0.01,0.0,YES
0.216,0.189,0.0342,0.0338,0.0323,0.0193,0.0118,0.0082,0.0,0.0,NO
0.3252,0.1688,0.1024,0.0592,0.0378,0.0342,0.0224,0.0192,0.0177,0.0,NO
0.3252,0.1001,0.0725,0.0603,0.0196,0.0019,0.0,0.0,0.0,0.0,NO
0.1184,0.1024,0.0848,0.0725,0.0595,0.0475,0.0276,0.0,0.0,0.0,NO
0.3252,0.1024,0.0773,0.0402,0.0401,0.0352,0.0256,0.0135,0.0029,0.0,NO
0.1763,0.083,0.0799,0.0638,0.0531,0.0529,0.0043,0.0,0.0,0.0,NO
0.3252,0.1024,0.0959,0.0725,0.0534,0.0288,0.0109,0.0053,0.0,0.0,NO
0.2122,0.083,0.0767,0.0585,0.025,0.0187,0.0152,0.0,0.0,0.0,NO
0.0621,0.0554,0.0476,0.0043,0.0,0.0,0.0,0.0,0.0,0.0,NO
0.2059,0.1304,0.1297,0.0574,0.0573,0.0477,0.0191,0.0,0.0,0.0,NO
0.7752,0.4013,0.3348,0.2651,0.233,0.2006,0.1105,0.0117,0.0,0.0,YES
1.0,1.0,0.9541,0.927,0.5766,0.0509,0.0119,0.0,0.0,0.0,YES
1.0,0.927,0.5943,0.5668,0.5353,0.0998,0.0782,0.078,0.0717,0.0,YES
0.5308,0.4013,0.3152,0.2613,0.2468,0.2443,0.161,0.0008,0.0,0.0,YES
0.2382,0.2322,0.1936,0.1658,0.1514,0.1335,0.0554,0.0477,0.0,0.0,NO
0.0554,0.0538,0.0439,0.0175,0.0032,0.002,0.0,0.0,0.0,0.0,NO
0.7752,0.433,0.4013,0.3917,0.3613,0.3354,0.1928,0.1452,0.1342,0.0008,YES
0.3019,0.1584,0.0717,0.0498,0.0065,0.0038,0.0023,0.0,0.0,0.0,NO
0.7752,0.4013,0.3917,0.3613,0.3348,0.2511,0.0765,0.0,0.0,0.0,YES
0.1539,0.1004,0.0654,0.0033,0.002,0.0,0.0,0.0,0.0,0.0,NO
0.4256,0.1566,0.1402,0.1159,0.0631,0.0,0.0,0.0,0.0,0.0,NO
0.4256,0.1873,0.1481,0.1379,0.0961,0.04,0.0074,0.0049,0.0,0.0,NO
0.4256,0.2176,0.1161,0.0304,0.0289,0.0106,0.0,0.0,0.0,0.0,NO
0.1146,0.0767,0.0718,0.0603,0.0554,0.052,0.0477,0.0467,0.0143,0.0,NO
1.0,1.0,0.9541,0.906,0.5827,0.2089,0.092,0.0,0.0,0.0,YES
0.1052,0.0764,0.0554,0.0479,0.0409,0.0393,0.0277,0.0145,0.0128,0.0121,NO
1.0,0.9541,0.7529,0.7124,0.5701,0.2226,0.2222,0.2155,0.11,0.0,YES
0.3867,0.1343,0.1306,0.0554,0.0477,0.0471,0.0436,0.0,0.0,0.0,NO
1.0,1.0,0.9541,0.927,0.3847,0.1561,0.1192,0.1143,0.1075,0.0,YES
0.1082,0.0979,0.0929,0.072,0.0657,0.0081,0.0019,0.0,0.0,0.0,NO
0.457,0.2885,0.159,0.1166,0.0949,0.0581,0.0048,0.0,0.0,0.0,NO
0.2743,0.2295,0.2121,0.1613,0.0028,0.0,0.0,0.0,0.0,0.0,NO
0.2464,0.1392,0.135,0.105,0.0764,0.0037,0.0008,0.0,0.0,0.0,NO
0.7752,0.4013,0.3652,0.3613,0.3354,0.2578,0.2427,0.1743,0.0044,0.003,YES
0.4518,0.3581,0.2583,0.2273,0.1825,0.1473,0.1413,0.0,0.0,0.0,NO
0.4541,0.4013,0.3917,0.3613,0.2739,0.2036,0.1227,0.1174,0.1113,0.0671,YES
1.0,1.0,0.0907,0.0707,0.0431,0.0349,0.0,0.0,0.0,0.0,YES
1.0,1.0,0.0419,0.0294,0.0274,0.0232,0.0027,0.0023,0.0,0.0,YES
0.2452,0.245,0.0732,0.0484,0.0,0.0,0.0,0.0,0.0,0.0,NO
0.143,0.1366,0.0177,0.0175,0.0037,0.0,0.0,0.0,0.0,0.0,NO
0.143,0.0811,0.0602,0.0225,0.0094,0.0,0.0,0.0,0.0,0.0,NO
0.1806,0.1418,0.1266,0.0767,0.0759,0.0243,0.0176,0.0,0.0,0.0,NO
1.0,1.0,0.2796,0.0977,0.0884,0.0611,0.0237,0.0,0.0,0.0,YES
1.0,1.0,0.041,0.0238,0.0211,0.019,0.0138,0.0128,0.0001,0.0,YES
0.1488,0.1411,0.1135,0.093,0.0192,0.0175,0.0131,0.0076,0.0,0.0,NO
0.2506,0.2094,0.0432,0.0048,0.0,0.0,0.0,0.0,0.0,0.0,NO
0.245,0.1482,0.1135,0.0988,0.0109,0.0,0.0,0.0,0.0,0.0,NO
0.2506,0.2094,0.0646,0.0593,0.0579,0.0422,0.0,0.0,0.0,0.0,NO
0.3489,0.0643,0.0462,0.044,0.0203,0.0,0.0,0.0,0.0,0.0,NO
0.3489,0.1558,0.1013,0.0887,0.0632,0.0522,0.0212,0.0126,0.0033,0.0,NO
0.3489,0.0078,0.0005,0.0,0.0,0.0,0.0,0.0,0.0,0.0,NO
1.0,1.0,1.0,0.0174,0.0092,0.0086,0.0045,0.002,0.0,0.0,YES
0.143,0.1366,0.1085,0.1075,0.0788,0.0737,0.0175,0.0,0.0,0.0,NO
1.0,1.0,0.2536,0.0559,0.0328,0.026,0.0092,0.0069,0.0046,0.0018,YES
0.1629,0.1366,0.1076,0.091,0.0698,0.035,0.0176,0.0175,0.0,0.0,NO
1.0,1.0,1.0,0.1256,0.0956,0.0628,0.0236,0.0204,0.0137,0.0067,YES
0.143,0.1366,0.0872,0.069,0.0376,0.0359,0.0215,0.0175,0.0,0.0,NO
0.2506,0.2094,0.1688,0.0503,0.0481,0.0343,0.0342,0.0292,0.0,0.0,NO
0.2506,0.1232,0.1001,0.0653,0.0028,0.0,0.0,0.0,0.0,0.0,NO
0.2094,0.0913,0.0666,0.0595,0.0536,0.0392,0.0,0.0,0.0,0.0,NO
0.2506,0.2094,0.0773,0.0768,0.0497,0.0434,0.0424,0.0135,0.0043,0.0,NO
0.1776,0.1135,0.1086,0.1026,0.0799,0.0638,0.0249,0.0064,0.0,0.0,NO
0.2506,0.2094,0.1664,0.0285,0.0211,0.0079,0.0,0.0,0.0,0.0,NO
0.2295,0.149,0.1488,0.1135,0.0168,0.0096,0.0,0.0,0.0,0.0,NO
0.2411,0.1142,0.0256,0.0153,0.0075,0.003,0.0,0.0,0.0,0.0,NO
0.2411,0.1685,0.1091,0.0578,0.0378,0.0289,0.0218,0.0215,0.0138,0.009,NO
0.1787,0.1147,0.0527,0.0414,0.0413,0.0377,0.0127,0.0,0.0,0.0,NO
0.3471,0.1674,0.1405,0.0227,0.0,0.0,0.0,0.0,0.0,0.0,NO
0.3471,0.1405,0.1275,0.12,0.0896,0.0357,0.0348,0.0038,0.0,0.0,NO
0.1787,0.0969,0.0842,0.0603,0.0444,0.0389,0.0183,0.0126,0.003,0.0,NO
0.2472,0.1685,0.0892,0.0674,0.0674,0.0525,0.0233,0.021,0.0,0.0,NO
0.2411,0.0342,0.0287,0.0239,0.0141,0.0069,0.0028,0.0005,0.0,0.0,NO
0.1787,0.1479,0.0725,0.0552,0.0544,0.0304,0.0189,0.0188,0.0032,0.0029,NO
1.0,0.5095,0.3563,0.1243,0.0915,0.0424,0.0222,0.001,0.0001,0.0,YES
0.1787,0.088,0.0527,0.0188,0.0,0.0,0.0,0.0,0.0,0.0,NO
1.0,0.3246,0.1857,0.1282,0.1243,0.0936,0.0576,0.0291,0.0156,0.0071,YES
0.564,0.5436,0.0808,0.044,0.0434,0.0145,0.0099,0.0,0.0,0.0,NO
0.564,0.5436,0.2085,0.0314,0.0262,0.0244,0.0208,0.0046,0.0,0.0,NO
0.564,0.5436,0.0815,0.0517,0.0454,0.0048,0.0017,0.0,0.0,0.0,NO
0.2411,0.196,0.1685,0.0287,0.0232,0.0192,0.0055,0.0,0.0,0.0,NO
0.3393,0.2942,0.1753,0.1674,0.1405,0.093,0.0638,0.0,0.0,0.0,NO
0.2411,0.1308,0.0522,0.0427,0.042,0.0176,0.0123,0.012,0.0055,0.0006,NO
0.2668,0.1674,0.1405,0.1058,0.0959,0.0703,0.0565,0.054,0.0351,0.0,NO
0.2508,0.2411,0.203,0.1685,0.0503,0.0206,0.0121,0.0,0.0,0.0,NO
0.3471,0.2845,0.1674,0.1405,0.098,0.0695,0.041,0.0188,0.0052,0.0052,NO
1.0,0.4921,0.3563,0.1243,0.0482,0.0284,0.0121,0.0104,0.0047,0.0,YES
1.0,0.6033,0.3563,0.1489,0.0731,0.0642,0.0423,0.0266,0.0169,0.0028,YES
0.6033,0.3643,0.3563,0.1243,0.1022,0.0385,0.01,0.0,0.0,0.0,YES
1.0,0.3563,0.2924,0.1243,0.0702,0.0412,0.0165,0.013,0.0067,0.0,YES
0.1787,0.0645,0.0611,0.0425,0.0382,0.0245,0.0124,0.0107,0.0,0.0,NO
1.0,0.6033,0.3563,0.1243,0.115,0.0756,0.0529,0.0358,0.0207,0.0069,YES
0.371,0.3499,0.1787,0.1553,0.0459,0.0321,0.0188,0.0165,0.0,0.0,NO
1.0,0.9863,0.0907,0.0232,0.0227,0.0149,0.0,0.0,0.0,0.0,YES
1.0,0.9863,0.0279,0.0266,0.0243,0.0122,0.0046,0.0,0.0,0.0,YES
0.2452,0.1631,0.1169,0.0638,0.0085,0.0081,0.0,0.0,0.0,0.0,NO
0.2282,0.1294,0.0004,0.0,0.0,0.0,0.0,0.0,0.0,0.0,NO
0.1355,0.1294,0.0603,0.0317,0.0188,0.0026,0.0,0.0,0.0,0.0,NO
0.1837,0.1202,0.0748,0.0746,0.0628,0.0215,0.0176,0.0089,0.0,0.0,NO
1.0,1.0,0.2758,0.1169,0.065,0.0465,0.0215,0.0,0.0,0.0,YES
1.0,0.9863,0.041,0.0125,0.0085,0.0016,0.0,0.0,0.0,0.0,YES
0.1955,0.0942,0.0939,0.0489,0.0175,0.0174,0.0132,0.0129,0.0104,0.0,NO
0.2223,0.1102,0.0433,0.0391,0.0359,0.0032,0.0022,0.0005,0.0,0.0,NO
0.1631,0.1464,0.0942,0.078,0.0183,0.0132,0.0,0.0,0.0,0.0,NO
0.2223,0.1102,0.0637,0.0606,0.0593,0.0422,0.0229,0.0,0.0,0.0,NO
0.257,0.0307,0.018,0.0051,0.001,0.0,0.0,0.0,0.0,0.0,NO
0.257,0.1558,0.0999,0.0887,0.0463,0.0231,0.0192,0.0015,0.0,0.0,NO
0.257,0.0177,0.0052,0.0,0.0,0.0,0.0,0.0,0.0,0.0,NO
1.0,1.0,0.9863,0.0272,0.0144,0.0138,0.0048,0.0005,0.0,0.0,YES
0.2282,0.1294,0.0654,0.0565,0.0536,0.0,0.0,0.0,0.0,0.0,NO
1.0,0.9863,0.2536,0.0372,0.0291,0.0247,0.0229,0.0114,0.0048,0.0031,YES
0.2282,0.1084,0.0974,0.0664,0.0478,0.0156,0.0081,0.0,0.0,0.0,NO
1.0,1.0,0.9863,0.0636,0.0558,0.0113,0.0107,0.0016,0.0,0.0,YES
0.2282,0.1294,0.0581,0.0363,0.0259,0.0212,0.0201,0.0042,0.0,0.0,NO
0.2223,0.1688,0.1102,0.0497,0.042,0.0347,0.0342,0.032,0.0236,0.0034,NO
0.2223,0.1001,0.0704,0.0648,0.0591,0.0425,0.014,0.0,0.0,0.0,NO
0.1102,0.094,0.081,0.0595,0.0425,0.0355,0.0077,0.0,0.0,0.0,NO
0.2223,0.1102,0.0773,0.0511,0.0445,0.0335,0.0206,0.0135,0.0049,0.0,NO
0.1955,0.1182,0.0799,0.0638,0.062,0.0571,0.0226,0.0132,0.0,0.0,NO
0.2223,0.1107,0.1102,0.1064,0.0425,0.0281,0.0191,0.0,0.0,0.0,NO
0.1654,0.0992,0.0942,0.0649,0.0161,0.0152,0.0132,0.0109,0.0,0.0,NO
0.418,0.2057,0.0786,0.0285,0.0243,0.004,0.0,0.0,0.0,0.0,NO
0.2677,0.1109,0.1091,0.0716,0.024,0.0138,0.0048,0.0,0.0,0.0,NO
0.2904,0.2598,0.2215,0.1901,0.1218,0.0676,0.0656,0.0569,0.0278,0.0239,NO
0.1932,0.0668,0.0281,0.0246,0.0029,0.0,0.0,0.0,0.0,0.0,NO
0.2874,0.1992,0.0955,0.0761,0.0668,0.0432,0.0358,0.0175,0.0,0.0,NO
0.6773,0.4563,0.2215,0.1779,0.1767,0.12,0.0969,0.0596,0.0281,0.0205,NO
0.4224,0.418,0.2677,0.1852,0.0852,0.0835,0.0778,0.0111,0.0111,0.0,NO
0.418,0.1135,0.0297,0.0266,0.0235,0.0182,0.011,0.0107,0.0015,0.0,NO
0.4855,0.444,0.2598,0.2452,0.2215,0.2077,0.1799,0.0882,0.016,0.009,NO
1.0,1.0,0.8445,0.2258,0.0686,0.0531,0.0275,0.0202,0.0055,0.001,YES
0.7077,0.3635,0.2598,0.2215,0.1799,0.1379,0.0882,0.0278,0.0,0.0,NO
1.0,1.0,0.538,0.1177,0.096,0.0645,0.0361,0.0248,0.0113,0.0,YES
0.4072,0.3884,0.0898,0.0808,0.0525,0.0342,0.0279,0.024,0.0052,0.0,NO
0.4072,0.3884,0.2085,0.0882,0.0462,0.0441,0.0417,0.0371,0.0099,0.0098,NO
0.4072,0.3884,0.0641,0.0441,0.0288,0.0009,0.0,0.0,0.0,0.0,NO
0.418,0.3249,0.2677,0.0676,0.0439,0.0287,0.0243,0.0241,0.0035,0.0,NO
0.5133,0.2942,0.1952,0.1332,0.1207,0.1153,0.11,0.0668,0.0,0.0,NO
0.418,0.1308,0.0679,0.0568,0.044,0.0391,0.0289,0.0153,0.0063,0.0059,NO
0.4343,0.191,0.1189,0.1052,0.0703,0.0542,0.0503,0.0389,0.0185,0.0,NO
0.418,0.2677,0.2508,0.1398,0.1296,0.0975,0.033,0.0109,0.0106,0.0,NO
0.4715,0.3295,0.1289,0.0861,0.0668,0.0621,0.0524,0.0494,0.0279,0.0099,NO
1.0,1.0,0.8156,0.2258,0.1042,0.0597,0.0479,0.0452,0.045,0.0227,YES
1.0,1.0,0.5882,0.2258,0.1115,0.0967,0.0524,0.0305,0.0268,0.0267,YES
1.0,1.0,0.3643,0.2336,0.2258,0.1267,0.0748,0.0518,0.0183,0.0159,YES
1.0,1.0,0.4847,0.2258,0.1106,0.0694,0.0639,0.0483,0.033,0.0207,YES
0.5187,0.4855,0.2598,0.2215,0.1432,0.1184,0.0882,0.0334,0.0269,0.0202,NO
1.0,1.0,1.0,0.2643,0.2258,0.1425,0.12,0.0189,0.0098,0.0,YES
0.262,0.2574,0.2554,0.2215,0.2077,0.1799,0.1612,0.1522,0.0882,0.0169,NO
